name,email_address,address,details_about_guest,dob,gender,country_id,state_id,city_id,hobby_id
Sanjay Mahurle,sanjaymahurle@gmail.com,Shankar Nagar,<p>Dentist</p>,1987-01-04,Male,India,1,3," 2,  22,  8"
Jayram Kavi,jaykavijayram@gmail.com,Hardas Nagar,<p>Sceintist</p>,1990-07-04,Male,India,3,7," 2,  22,  5,  6"
Anamika Das,anamikadas1@gmail.com,Dastur Nagar,"<p>Novelist, Reporter</p>",1990-07-03,Female,India,2,2," 2,  22,  8"
Disha Kale,dishakale@gmail.com,Gayatri Nagar,<p>Dentist</p>,1990-07-03,Female,India,4,8," 2,  22,  5,  6"
Shree Amdare,shreeamdare@gmail.com,Jayant Nagar,<p>Lala Nagar</p>,2021-07-01,Male,India,1,4," 2,  22"
Anagha Deshmukh,anaghadeshmukh@gmail.com,Shankar Nagar,<p>Dentist</p>,1988-07-14,Female,India,3,7," 2,  7,  4,  18"
Kamal Ravi,kamalravi@gmail.com,Seminary Hill,<p>Novelist</p>,1992-07-02,Female,India,4,8," 2,  22,  8,  5,  6"
Kiran Joshi,kiranjoshi@gmail.com,Madhav Nagar,<p>Novelist</p>,1992-01-01,Male,India,1,6," 2,  5,  19"
